ID,Result
161,Approved
217,Approved
261,Approved
289,Approved
328,Approved
389,Approved
531,Approved
562,Approved
624,Approved
890,Approved
894,Approved
978,Approved
985,Approved
1034,Approved
1076,Approved
1144,Approved
1182,Approved
1252,Approved
1354,Approved
1374,Approved
1385,Approved
1461,Approved
1557,Approved
1560,Approved
1597,Approved
1647,Approved
1649,Approved
1683,Approved
1747,Approved
1796,Approved
1798,Approved
1829,Approved
1878,Approved
1883,Approved
1911,Approved
2006,Approved
2127,Approved
2128,Approved
2167,Approved
2260,Approved
2439,Approved
2480,Approved
2657,Approved
2659,Approved
2676,Approved
2684,Approved
2694,Approved
2732,Approved
2801,Approved
2843,Approved
2883,Approved
2986,Approved
3000,Approved
3027,Approved
3049,Approved
3110,Approved
3132,Approved
3193,Approved
3307,Approved
3371,Approved
3390,Approved
3442,Approved
3478,Approved
3487,Approved
3497,Approved
3508,Approved
3618,Approved
3627,Approved
3760,Approved
3923,Approved
4053,Approved
4108,Approved
4129,Approved
4343,Approved
4345,Approved
4362,Approved
4471,Approved
4569,Approved
4725,Approved
4745,Approved
4789,Approved
5016,Approved
5070,Approved
5110,Approved
5113,Approved
5205,Approved
5219,Approved
5226,Approved
5256,Approved
5288,Approved
5318,Approved
5393,Approved
5397,Approved
5452,Approved
5507,Approved
5528,Approved
5586,Approved
5592,Approved
5678,Approved
5681,Approved
5768,Approved
5799,Approved
5885,Approved
5938,Approved
6003,Approved
6020,Approved
6097,Approved
6099,Approved
6171,Approved
6176,Approved
6188,Approved
6209,Approved
6294,Approved
6579,Approved
6592,Approved
6657,Approved
6658,Approved
6667,Approved
6716,Approved
6729,Approved
6733,Approved
6821,Approved
6843,Approved
6844,Approved
6856,Approved
6904,Approved
6966,Approved
7053,Approved
7288,Approved
7322,Approved
7442,Approved
7449,Approved
7516,Approved
7646,Approved
7695,Approved
7782,Approved
7908,Approved
8197,Approved
8395,Approved
8490,Approved
8540,Approved
8618,Approved
8621,Approved
8739,Approved
8745,Approved
8767,Approved
8779,Approved
8841,Approved
8843,Approved
8849,Approved
8928,Approved
8970,Approved
9048,Approved
9308,Approved
9312,Approved
9334,Approved
9346,Approved
9390,Approved
9392,Approved
9440,Approved
9510,Approved
9536,Approved
9543,Approved
9545,Approved
9568,Approved
9598,Approved
9606,Approved
9766,Approved
9800,Approved
9918,Approved
9929,Approved
9941,Approved
